2020-02-23 23:56:51;;2020-02-23 23:57:00;;2020-02-23 23:58:20;;
2020-02-23 23:59:06;;
2020-02-24 00:00:31;;
2020-02-24 00:01:14;8a2997a8-a470-4426-86f1-ed53ae1d94a6;
2020-02-24 13:28:06;;
2020-02-24 13:29:31;;
2020-02-24 13:29:48;;
2020-02-24 13:30:55;;
2020-02-24 13:48:21;;
2020-02-24 13:49:27;;
2020-02-24 13:51:52;;
2020-02-24 13:55:51;;
2020-02-24 13:55:53;;
2020-02-24 13:55:54;;
2020-02-24 13:56:54;;
2020-02-24 13:57:03;;
2020-02-24 13:57:14;;
2020-02-24 13:58:02;;
2020-02-24 13:59:11;;
2020-02-24 14:00:57;;
2020-02-24 14:01:46;;
2020-02-24 14:03:41;;
2020-02-24 14:06:29;;
2020-02-24 14:07:50;;
2020-02-24 14:09:10;;
2020-02-24 14:10:50;;
2020-02-24 14:12:56;;
2020-02-24 14:13:36;;
2020-02-24 14:16:03;;
2020-02-24 14:16:41;;
2020-02-24 14:17:53;;
2020-02-24 14:18:23;;
2020-02-24 14:18:27;;
