<!DOCTYPE DMHelperDataXML>
<root>

<section>
  <name>Action</name>
  <limitation>1/turn</limitation>
  <subsection>
    <description>You can also interact with one object or feature of the environment for free.</description>
    <data title="Attack">
        <icon>crossed-swords</icon>
        <subtitle>Melee or ranged attack</subtitle>
        <description>Perform a melee or ranged attack with your weapon</description>
        <reference>PHB, pgs. 192,194-195.</reference>
        <bullets>
            <bullet><![CDATA[Certain features, such as the <i>Extra Attack</i> feature of the fighter, allow you to make more than one attack with this action. Each of these attacks is a separate roll and may target different creatures. You may move in between these attacks.]]></bullet>
            <bullet><![CDATA[When you attack with a light melee weapon, you can use a bonus action to attack with your other hand (see the <i>Offhand attack</i> bonus action).]]></bullet>
            <bullet><![CDATA[You may replace one of your melee attacks with a <i>Grapple</i> or a <i>Shove</i>.]]></bullet>
            <bullet><![CDATA[Some conditions give advantage on the attack: attacks against blinded, paralyzed, petrified, restrained, stunned, or unconscious targets; melee attacks against prone targets; attacks by invisible or hidden attackers.]]></bullet>
            <bullet><![CDATA[Some conditions give disadvantage on the attack: attacks against invisible or hidden targets; ranged attacks against prone targets; attacks by blinded, frightened, poisoned, or restrained attackers.]]></bullet>
        </bullets>
    </data>
    <data title="Grapple">
        <icon>grab</icon>
        <subtitle>Special melee attack</subtitle>
        <description>Attempt to grab a creature or wrestle with it</description>
        <reference>PHB, pg. 195.</reference>
        <bullets>
            <bullet><![CDATA[You can use the <i>Attack</i> action to make a special melee attack, a grapple. If you're able to make multiple attacks with the Attack action, this attack replaces one of them.]]></bullet>
            <bullet><![CDATA[The target of your grapple must be no more than one size larger than you, and it must be within your reach.]]></bullet>
            <bullet><![CDATA[Using at least one free hand, you try to seize the target by making a grapple check, a Strength (Athletics) check contested by the target's Strength (Athletics) or Dexterity (Acrobatics) check (the target chooses the ability to use).]]></bullet>
            <bullet><![CDATA[If you succeed, you subject the target to the grappled condition (its speed is set to 0)]]></bullet>
        </bullets>
    </data>
    <data title="Shove">
        <icon>hand</icon>
        <subtitle>Special melee attack</subtitle>
        <description>Shove a creature, either to knock it prone or push it away from you</description>
        <reference>PHB, pg. 195.</reference>
        <bullets>
            <bullet><![CDATA[Using the <i>Attack</i> action, you can make a special melee attack to shove a creature. If you're able to make multiple attacks with the Attack action, this attack replaces one of them.]]></bullet>
            <bullet><![CDATA[The target of your shove must be no more than one size larger than you, and it must be within your reach.]]></bullet>
            <bullet><![CDATA[You make a Strength (Athletics) check contested by the target's Strength (Athletics) or Dexterity (Acrobatics) check (the target chooses the ability to use).]]></bullet>
            <bullet><![CDATA[If you win the contest, you either knock the target prone or push it 5 feet away from you.]]></bullet>
        </bullets>
    </data>
    <data title="Cast a spell">
        <icon>magic-swirl</icon>
        <subtitle>Cast time of 1 action</subtitle>
        <description>Cast a spell with a casting time of 1 action</description>
        <reference>PHB, pg. 192.</reference>
        <bullets>
            <bullet><![CDATA[You can't cast a spell with you action and a different spell with your bonus action in the same turn, except if the action is used to cast a cantrip.]]></bullet>
            <bullet><![CDATA[The target of a spell must be within the spell's range. To target something, you must have a clear path to it, so it can't be behind total cover.]]></bullet>
            <bullet><![CDATA[Spells with material components do not consume the material unless explicitly stated. Unless the cost of a material is given, you can assume that the cost is negligible and the material is simply available in a component pouch.]]></bullet>
            <bullet><![CDATA[Some spells require you to maintain concentration in order to keep their magic active. If you lose concentration, such a spell ends. You lose concentration on a spell if you cast another spell that requires concentration or when you are incapacitated. Each time you take damage, you must make a Constitution saving throw to maintain your concentration. The DC equals 10 or half the damage you take, whichever number is higher.]]></bullet>
        </bullets>
    </data>
    <data title="Dash">
        <icon>sprint</icon>
        <subtitle>Double movement speed</subtitle>
        <description>Gain extra movement for the current turn</description>
        <reference>PHB, pg. 192.</reference>
        <bullets>
            <bullet><![CDATA[The increase equals your speed, after applying any modifiers.]]></bullet>
        </bullets>
    </data>
    <data title="Disengage">
        <icon>journey</icon>
        <subtitle>Prevent opportunity attacks</subtitle>
        <description>Your movement doesn't provoke opportunity attacks for the rest of the turn</description>
        <reference>PHB, pg. 192.</reference>
        <bullets>
        </bullets>
    </data>
    <data title="Dodge">
        <icon>aura</icon>
        <subtitle>Increase defenses</subtitle>
        <description>Focus entirely on avoiding attacks</description>
        <reference>PHB, pg. 192.</reference>
        <bullets>
            <bullet><![CDATA[Until the start of your next turn, any attack roll made against you has disadvantage if you can see the attacker, and you make Dexterity saving throws with advantage.]]></bullet>
            <bullet><![CDATA[You lose this benefit if you are <i>incapacitated</i> or if your speed drops to 0.]]></bullet>
        </bullets>
    </data>
    <data title="Escape">
        <icon>manacles</icon>
        <subtitle>Escape a grapple</subtitle>
        <description>Escape a grapple</description>
        <reference>PHB, pg. 195.</reference>
        <bullets>
            <bullet><![CDATA[To escape a grapple, you must succeed on a Strength (Athletics) or Dexterity (Acrobatics) check contested by the grappler's Strength (Athletics) check.]]></bullet>
            <bullet><![CDATA[Escaping other conditions that restrain you (such as manacles) may require a Dexterity or Strength check, as specified by the condition.]]></bullet>
        </bullets>
    </data>
    <data title="Help">
        <icon>telepathy</icon>
        <subtitle>Grant an ally advantage</subtitle>
        <description>Grant an ally advantage on an ability check or attack</description>
        <reference>PHB, pg. 192.</reference>
        <bullets>
            <bullet><![CDATA[The target gains advantage on the next ability check it makes to perform the task you are helping with.]]></bullet>
            <bullet><![CDATA[Alternatively, the target gains advantage on the next attack roll against against a creature within 5 feet of you.]]></bullet>
            <bullet><![CDATA[The advantage lasts until the start of your next turn.]]></bullet>
        </bullets>
    </data>
    <data title="Use Object">
        <icon>snatch</icon>
        <subtitle>Interact, use special abilities</subtitle>
        <description>Interact with a second object or use special object abilities</description>
        <reference>PHB, pg. 193.</reference>
        <bullets>
            <bullet><![CDATA[You can interact with one object for free during your turn (such as drawing a weapon or opening a door). If you want to interact with a second object, use this action.]]></bullet>
            <bullet><![CDATA[When an object requires your action for its use, you also take this action.]]></bullet>
        </bullets>
    </data>
    <data title="Use shield">
        <icon>round-shield</icon>
        <subtitle>Equip or unequip a shield</subtitle>
        <description>Equip or unequip a shield</description>
        <reference>PHB, pgs. 144-146.</reference>
        <bullets>
            <bullet><![CDATA[A shield always takes an action to equip or unequip.]]></bullet>
            <bullet><![CDATA[Armor takes several minutes to equip or unequip.]]></bullet>
        </bullets>
    </data>
    <data title="Hide">
        <icon>hood</icon>
        <subtitle></subtitle>
        <description>Attempt to hide</description>
        <reference>PHB, pg. 192.</reference>
        <bullets>
            <bullet><![CDATA[You can't hide from a creature that can see you. You must have total cover, be in a heavily obscured area, be invisible, or otherwise block the enemy's vision.]]></bullet>
            <bullet><![CDATA[If you make noise (such as shouting a warning or knocking over a vase), you give away your position.]]></bullet>
            <bullet><![CDATA[When you try to hide, make a Dexterity (Stealth) check and note the result. Until you are discovered or you stop hiding, that check's total is contested by the Wisdom (Perception) check of any creature that actively searches for signs of your presence.]]></bullet>
            <bullet><![CDATA[A creature notices you even if it isn't searching unless your Stealth check is higher than its Passive Perception.]]></bullet>
            <bullet><![CDATA[Out of combat, you may also use a Dexterity (Stealth) check for acts like concealing yourself from enemies, slinking past guards, slipping away without being noticed, or sneaking up on someone without being seen or heard.]]></bullet>
        </bullets>
    </data>
    <data title="Search">
        <icon>magnifying-glass</icon>
        <subtitle></subtitle>
        <description>Devote your attention to finding something</description>
        <reference>PHB, pg. 193.</reference>
        <bullets>
            <bullet><![CDATA[Depending on the nature of your search, the DM might have you make a Wisdom (Perception) check or an Intelligence (Investigation) check.]]></bullet>
        </bullets>
    </data>
    <data title="Ready">
        <icon>stopwatch</icon>
        <subtitle>Choose trigger and action</subtitle>
        <description>Choose a trigger and a response reaction</description>
        <reference>PHB, pg. 193.</reference>
        <bullets>
            <bullet><![CDATA[First, you decide what perceivable circumstance will trigger your reaction.]]></bullet>
            <bullet><![CDATA[Then, you choose the action you will take in response to that trigger, or you choose to move up to your speed in response to it.]]></bullet>
            <bullet><![CDATA[When the trigger occurs, you can either take your reaction right after the trigger finishes or ignore the trigger.]]></bullet>
            <bullet><![CDATA[When you ready a spell, you cast it as normal but hold its energy, which you release with your reaction when the trigger occurs. To be readied, a spell must have a casting time of 1 action, and holding onto the spell's magic requires concentration]]></bullet>
        </bullets>
    </data>
    <data title="Use class feature">
        <icon>embrassed-energy</icon>
        <subtitle>Some features use actions</subtitle>
        <description>Use a racial or class feature that uses an action</description>
        <reference>See class page for more information.</reference>
        <bullets>
        </bullets>
    </data>
    <data title="Improvise">
        <icon>juggler</icon>
        <subtitle>Any action not on this list</subtitle>
        <description>Perform any action you can imagine</description>
        <reference>PHB, pg. 193.</reference>
        <bullets>
            <bullet><![CDATA[When you describe an action not detailed elsewhere in the rules, the DM tells you whether that action is possible and what kind of roll you need to make, if any, to determine success or failure.]]></bullet>
        </bullets>
    </data>
  </subsection>
</section>
<section>
  <name>Bonus Action</name>
  <limitation>Max. 1/Turn</limitation>
  <subsection>
    <description>You can take a bonus action only when a special ability, spell, or feature states that you can do something as a bonus action.</description>
    <data title="Offhand Attack">
        <icon>crossed-swords</icon>
        <subtitle>Use with the Attack action</subtitle>
        <description>Attack with your off hand</description>
        <reference>PHB, pgs. 192,194-195</reference>
        <bullets>
            <bullet><![CDATA[Only usable if you take the <i>Attack</i> action and attack with a light melee weapon that you're holding in one hand.]]></bullet>
            <bullet><![CDATA[Perform a single attack with a different light melee weapon that you're holding in the other hand.]]></bullet>
            <bullet><![CDATA[You don't add your ability modifier to the damage of the bonus attack, unless that modifier is negative.]]></bullet>
            <bullet><![CDATA[If either weapon has the thrown property, you can throw the weapon, instead of making a melee attack with it.]]></bullet>
        </bullets>
    </data>
    <data title="Cast a spell">
        <icon>magic-swirl</icon>
        <subtitle>Cast time of 1 bonus action</subtitle>
        <description>Cast a spell with a casting time of 1 bonus action</description>
        <reference>PHB, pg. 192</reference>
        <bullets>
            <bullet><![CDATA[You can't cast a spell with you action and a different spell with your bonus action in the same turn, except if the action is used to cast a cantrip.]]></bullet>
            <bullet><![CDATA[For further details, see the <i>Cast a spell</i> action.]]></bullet>
        </bullets>
    </data>
    <data title="Use class feature">
        <icon>embrassed-energy</icon>
        <subtitle>Some features use bonus actions</subtitle>
        <description>Use a racial or class feature that uses a bonus action</description>
        <reference>See class page for more information.</reference>
        <bullets>
        </bullets>
    </data>
  </subsection>
</section>
<section>
  <name>Condition</name>
  <limitation></limitation>
  <subsection>
    <description>Conditions alter your capabilities in a variety of ways, and can arise as a result of a spell, a class feature, a monster's attack, or other effect.</description>
    <data title="Blinded">
        <icon>one-eyed</icon>
        <subtitle>You can't see</subtitle>
        <description>You can't see</description>
        <reference>PHB, pg. 290</reference>
        <bullets>
            <bullet><![CDATA[You automatically fail any ability check which requires sight.]]></bullet>
            <bullet><![CDATA[You have disadvantage on attack rolls.]]></bullet>
            <bullet><![CDATA[Attack rolls against you have advantage.]]></bullet>
        </bullets>
    </data>
    <data title="Charmed">
        <icon>smitten</icon>
        <subtitle>You are charmed</subtitle>
        <description>You are charmed by another creature</description>
        <reference>PHB, pg. 290</reference>
        <bullets>
            <bullet><![CDATA[You can't attack your charmer or target them with harmful abilities or magical effects.]]></bullet>
            <bullet><![CDATA[Your charmer has advantage on ability checks to interact socially with you.]]></bullet>
        </bullets>
    </data>
    <data title="Deafened">
        <icon>elf-ear</icon>
        <subtitle>You can't hear</subtitle>
        <description>You can't hear</description>
        <reference>PHB, pg. 290</reference>
        <bullets>
            <bullet><![CDATA[You automatically fail any ability check which requires hearing.]]></bullet>
        </bullets>
    </data>
    <data title="Exhaustion">
        <icon>crawl</icon>
        <subtitle>You are exhausted</subtitle>
        <description>Exhaustion is measured in six levels</description>
        <reference>PHB, pg. 291</reference>
        <bullets>
            <bullet><![CDATA[<table><tr><th>Level</th><th></th><th></th><th style='text-align:left'>Effect</th></tr><tr><td>1</td><td></td><td></td><td>Disadvantage on ability checks</td></tr><tr><td>2</td><td></td><td></td><td>Speed halved</td></tr><tr><td>3</td><td></td><td></td><td>Disadvantage on attack rolls and saving throws</td></tr><tr><td>4</td><td></td><td></td><td>Hit point maximum halved</td></tr><tr><td>5</td><td></td><td></td><td>Speed reduced to 0</td></tr><tr><td>6</td><td></td><td></td><td>Death</td></tr></table>]]></bullet>
            <bullet><![CDATA[You suffer the effect of your current level of exhaustion as well as all lower levels.]]></bullet>
            <bullet><![CDATA[Finishing a long rest reduces your exhaustion level by 1, provided that you have also had some food and drink.]]></bullet>
        </bullets>
    </data>
    <data title="Frightened">
        <icon>sharp-smile</icon>
        <subtitle>You are frightened</subtitle>
        <description>You are frightened</description>
        <reference>PHB, pg. 290</reference>
        <bullets>
            <bullet><![CDATA[You have disadvantage on ability checks and attack rolls while the source of your fear is within line of sight.]]></bullet>
            <bullet><![CDATA[You can't willingly move closer to the source of your fear.]]></bullet>
        </bullets>
    </data>
    <data title="Grappled">
        <icon>grab</icon>
        <subtitle>You are grappled</subtitle>
        <description>You are grappled</description>
        <reference>PHB, pg. 290</reference>
        <bullets>
            <bullet><![CDATA[Your speed becomes 0, and you can't benefit from any bonus to your speed.]]></bullet>
            <bullet><![CDATA[The condition ends if your grappler is incapacitated.]]></bullet>
            <bullet><![CDATA[The condition also ends if you are removed from the reach of your grappler.]]></bullet>
        </bullets>
    </data>
    <data title="Incapacitated">
        <icon>internal-injury</icon>
        <subtitle>You can't take actions or reactions</subtitle>
        <description>You can't take actions or reactions</description>
        <reference>PHB, pg. 290</reference>
        <bullets>
        </bullets>
    </data>
    <data title="Invisible">
        <icon>invisible</icon>
        <subtitle>You can't be seen</subtitle>
        <description>You can't be seen without the aid of magic or a special sense</description>
        <reference>PHB, pg. 291</reference>
        <bullets>
            <bullet><![CDATA[For the purpose of hiding, you are heavily obscured.]]></bullet>
            <bullet><![CDATA[You can still be detected by any noise you make or tracks you leave.]]></bullet>
            <bullet><![CDATA[You have advantage on attack rolls.]]></bullet>
            <bullet><![CDATA[Attack rolls against you have disadvantage.]]></bullet>
        </bullets>
    </data>
    <data title="Paralyzed">
        <icon>internal-injury</icon>
        <subtitle>You are paralyzed</subtitle>
        <description>You can't do anything</description>
        <bullets>
            <bullet><![CDATA[You are incapacitated and can't move or speak.]]></bullet>
            <bullet><![CDATA[Attack rolls against you have advantage.]]></bullet>
            <bullet><![CDATA[Any attack that hits you is a critical hit if the attacker is within 5 feet of you.]]></bullet>
            <bullet><![CDATA[You automatically fail Strength and Dexterity saving throws.]]></bullet>
        </bullets>
    </data>
    <data title="Petrified">	
        <icon>stone-pile</icon>
        <subtitle>You are transformed into stone</subtitle>
        <description>You are transformed, along with any nonmagical objects you are wearing or carrying, into a solid inanimate substance (usually stone)</description>
        <reference>PHB, pg. 291</reference>
        <bullets>
            <bullet><![CDATA[Your weight increases by a factor of ten, and you cease aging.]]></bullet>
            <bullet><![CDATA[You are incapacitated, can't move or speak, and are unaware of your surroundings.]]></bullet>
            <bullet><![CDATA[Attack rolls against you have advantage.]]></bullet>
            <bullet><![CDATA[You automatically fail Strength and Dexterity saving throws.]]></bullet>
            <bullet><![CDATA[You have resistance to all damage.]]></bullet>
            <bullet><![CDATA[You are immune to poison and disease, though a poison or disease already in your system is only suspended, not neutralized.]]></bullet>
        </bullets>
    </data>
    <data title="Poisoned">
        <icon>deathcab</icon>
        <subtitle>You are poisoned</subtitle>
        <description>You are poisoned</description>
        <reference>PHB, pg. 292</reference>
        <bullets>
            <bullet><![CDATA[You have disadvantage on attack rolls and ability checks.]]></bullet>
        </bullets>
    </data>
    <data title="Prone">
        <icon>crawl</icon>
        <subtitle>You are prone</subtitle>
        <description>You are prone</description>
        <reference>PHB, pg. 292</reference>
        <bullets>
            <bullet><![CDATA[Your only movement option is to crawl, unless you stand up.]]></bullet>
            <bullet><![CDATA[You have disadvantage on attack rolls.]]></bullet>
            <bullet><![CDATA[Attack rolls against you have advantage if the attacker is within 5 feet of you, otherwise the attack roll has disadvantage.]]></bullet>
        </bullets>
    </data>
    <data title="Restrained">
        <icon>imprisoned</icon>
        <subtitle>You are restrained</subtitle>
        <description>You are restrained</description>
        <reference>PHB, pg. 292</reference>
        <bullets>
            <bullet><![CDATA[Your speed becomes 0, and you can't benefit from any bonus to your speed.]]></bullet>
            <bullet><![CDATA[You have disadvantage on attack rolls.]]></bullet>
            <bullet><![CDATA[Attack rolls against you have advantage.]]></bullet>
            <bullet><![CDATA[You have disadvantage on Dexterity saving throws.]]></bullet>
        </bullets>
    </data>
    <data title="Stunned">
        <icon>internal-injury</icon>
        <subtitle>You are stunned</subtitle>
        <description>You are stunned</description>
        <reference>PHB, pg. 292</reference>
        <bullets>
            <bullet><![CDATA[You are incapacitated, can't move, and can speak only falteringly.]]></bullet>
            <bullet><![CDATA[Attack rolls against you have advantage.]]></bullet>
            <bullet><![CDATA[You automatically fail Strength and Dexterity saving throws.]]></bullet>
        </bullets>
    </data>
    <data title="Unconscious">
        <icon>coma</icon>
        <subtitle>You are unconscious</subtitle>
        <description>You are unconscious</description>
        <reference>PHB, pg. 292</reference>
        <bullets>
            <bullet><![CDATA[You are incapacitated, can't move or speak, and are unaware of your surroundings.]]></bullet>
            <bullet><![CDATA[You drop whatever you're holding and fall prone.]]></bullet>
            <bullet><![CDATA[Attack rolls against you have advantage.]]></bullet>
            <bullet><![CDATA[Any attack that hits you is a critical hit if the attacker is within 5 feet of you.]]></bullet>
            <bullet><![CDATA[You automatically fail Strength and Dexterity saving throws.]]></bullet>
        </bullets>
    </data>
  </subsection>
</section>
<section>
  <name>Environmental Effects</name>
  <limitation></limitation>
  <subsection>
    <description>Effects that obscure vision can prove a significant hindrance to most adventuring tasks.</description>
    <data title="Lightly obscured">
        <icon>bleeding-eye</icon>
        <subtitle>Disadvantage on Perception</subtitle>
        <description>Dim light, patchy fog, moderate foliage</description>
        <reference>PHB, pg. 183.</reference>
        <bullets>
            <bullet><![CDATA[Creatures have <b>disadvantage on Wisdom (Perception)</b> checks that rely on sight.]]></bullet>
        </bullets>
    </data>
    <data title="Heavily obscured">
        <icon>lightning-tear</icon>
        <subtitle>Effectively blind</subtitle>
        <description>Darkness, opaque fog, dense foliage</description>
        <reference>PHB, pg. 183.</reference>
        <bullets>
            <bullet><![CDATA[A creature in a heavily obscured area effectively suffers from the <b>blinded condition</b>.]]></bullet>
        </bullets>
    </data>
  </subsection>
  <subsection>
    <description>The presence or absence of light in an environment creates three categories of illumination.</description>
    <data title="Bright light">
        <icon>star-pupil</icon>
        <subtitle>Normal vision</subtitle>
        <description>Bright light lets most creatures see normally</description>
        <reference>PHB, pg. 183.</reference>
        <bullets>
            <bullet><![CDATA[Gloomy days still provide bright light, as do torches, lanterns, fires, and other sources of illumination within a specific radius.]]></bullet>
        </bullets>
    </data>
    <data title="Dim light">
        <icon>semi-closed-eye</icon>
        <subtitle>Lightly obscured</subtitle>
        <description>Dim light, also called shadows</description>
        <reference>PHB, pg. 183.</reference>
        <bullets>
            <bullet><![CDATA[Creates a <b>lightly obscured</b> area.",
            <bullet><![CDATA[An area of dim light is usually a boundary between a source of bright light, such as a torch, and surrounding darkness.]]></bullet>
            <bullet><![CDATA[The soft light of twilight and dawn also counts as dim light. A particularly brilliant full moon might bathe the land in dim light.]]></bullet>
        </bullets>
    </data>
    <data title="Darkness">
        <icon>worried-eyes</icon>
        <subtitle>Heavily obscured</subtitle>
        <description>Darkness creates a heavily obscured area</description>
        <reference>PHB, pg. 183.</reference>
        <bullets>
            <bullet><![CDATA[Creates a <b>heavily obscured</b> area.]]></bullet>
            <bullet><![CDATA[Characters face darkness outdoors at night (even most moonlit nights), within the confines of an unlit dungeon or a subterranean vault, or in an area of magical darkness.]]></bullet>
        </bullets>
    </data>
  </subsection>
  <subsection>
    <description>Some creatures have extraordinary senses that allow them to perceive their environment.</description>
    <data title="Blindsight">
        <icon>one-eyed</icon>
        <subtitle>Perceive without sight</subtitle>
        <description>Perceive your surroundings without relying on sight, within a certain radius</description>
        <reference>PHB, pg. 183.</reference>
        <bullets>
            <bullet><![CDATA[Creatures without eyes, such as oozes, and creatures with echolocation or heightened senses, such as bats and true dragons, have this sense.]]></bullet>
        </bullets>
    </data>
    <data title="Darkvision">
        <icon>semi-closed-eye</icon>
        <subtitle>Limited vision in darkness</subtitle>
        <description>A creature with Darkvision can see better in the dark or low light conditions, within a certain radius</description>
        <reference>PHB, pgs. 183-184.</reference>
        <bullets>
            <bullet><![CDATA[Within a specified range, a creature with darkvision can <b>see in darkness as if the darkness were dim light</b>, so areas of darkness are only lightly obscured as far as that creature is concerned.]]></bullet>
            <bullet><![CDATA[However, the creature can't discern color in darkness, only shades of gray.]]></bullet>
            <bullet><![CDATA[Many creatures in the worlds of D&D, especially those that dwell underground, have darkvision.]]></bullet>
        </bullets>
    </data>
    <data title="Truesight">
        <icon>eye-shield</icon>
        <subtitle>See in darkness</subtitle>
        <description>A creature with truesight can see everything in its true form, independent of the environment</description>
        <reference>PHB, pg. 184.</reference>
        <bullets>
            <bullet><![CDATA[A creature with truesight can, out to a specific range, see in normal and magical darkness, see invisible creatures and objects, automatically detect visual illusions and succeed on saving throws against them, and perceives the original form of a shapechanger or a creature that is transformed by magic.]]></bullet>
            <bullet><![CDATA[Furthermore, the creature can see into the Ethereal Plane.]]></bullet>
        </bullets>
    </data>
  </subsection>
  <subsection>
    <description>Obstacles can provide cover during combat, making a target more difficult to harm.</description>
    <data title="Half cover">
        <icon>broken-shield</icon>
        <subtitle>Low wall, furniture</subtitle>
        <description>A target has half cover if an obstacle blocks at least half of its body</description>
        <reference>PHB, pg. 196.</reference>
        <bullets>
            <bullet><![CDATA[The obstacle might be a low wall, a large piece of furniture, a narrow tree trunk, or a creature, whether that creature is an enemy or a friend.]]></bullet>
            <bullet><![CDATA[A target with half cover has a <b>+2 bonus to AC and Dexterity saving throws</b>.]]></bullet>
            <bullet><![CDATA[If a target is behind multiple sources of cover, only the most protective degree of cover applies]]></bullet>
        </bullets>
    </data>
    <data title="Three-quarters cover">
        <icon>cracked-shield</icon>
        <subtitle>Portcullis, arrow slit</subtitle>
        <description>A target has three-quarters cover if about three-quarters of it is covered by an obstacle</description>
        <reference>PHB, pg. 196.</reference>
        <bullets>
            <bullet><![CDATA[The obstacle might be a portcullis, an arrow slit, or a thick tree trunk.]]></bullet>
            <bullet><![CDATA[A target with three-quarters cover has a <b>+5 bonus to AC and Dexterity saving throws</b>.]]></bullet>
            <bullet><![CDATA[If a target is behind multiple sources of cover, only the most protective degree of cover applies]]></bullet>
        </bullets>
    </data>
    <data title="Full cover">
        <icon>shield</icon>
        <subtitle>Completely concealed</subtitle>
        <description>A target has total cover if it is completely concealed by an obstacle</description>
        <reference>PHB, pg. 196.</reference>
        <bullets>
            <bullet><![CDATA[A target with total cover <b>can't be targeted directly</b> by an attack or a spell, although some spells can reach such a target by including it in an area of effect.]]></bullet>
            <bullet><![CDATA[If a target is behind multiple sources of cover, only the most protective degree of cover applies]]></bullet>
        </bullets>
    </data>
  </subsection>
</section>
<section>
  <name>Movement</name>
  <limitation>Limited by movement speed</limitation>
  <subsection>
    <description>You can move at any time during your turn (before, after, or during actions).</description>
    <data title="Move">
        <icon>run</icon>
        <subtitle>Cost: 5ft per 5ft</subtitle>
        <description>Movement cost: 5ft per 5ft moved</description>
        <reference>PHB, pg. 190.</reference>
        <bullets>
            <bullet><![CDATA[If you have more than one speed, such as your walking speed and a flying speed, you can switch back and forth between your speeds during your move. Whenever you switch, subtract the distance you've already moved from the new speed.]]></bullet>
            <bullet><![CDATA[You can move through a nonhostile creature's space.]]></bullet>
            <bullet><![CDATA[You can move through a hostile creature's space only if the creature is at least two sizes larger or smaller than you.]]></bullet>
            <bullet><![CDATA[Another creature's space is difficult terrain for you.]]></bullet>
            <bullet><![CDATA[Whether a creature is a friend or an enemy, you can't willingly end your move in its space.]]></bullet>
        </bullets>
    </data>
    <data title="Climb">
        <icon>crags</icon>
        <subtitle>Cost: 10ft per 5ft</subtitle>
        <description>Movement cost: 10ft per 5ft climbed</description>
        <reference>PHB, pg. 182.</reference>
        <bullets>
            <bullet><![CDATA[May involve a Strength (Athletics) check if the climb is difficult]]></bullet>
        </bullets>
    </data>
    <data title="Swim">
        <icon>at-sea</icon>
        <subtitle>Cost: 10ft per 5ft</subtitle>
        <description>Movement cost: 10ft per 5ft swum</description>
        <reference>PHB, pg. 182.</reference>
        <bullets>
            <bullet><![CDATA[May involve a Strength (Athletics) check if the swim is difficult]]></bullet>
        </bullets>
    </data>
    <data title="Drop prone">
        <icon>falling</icon>
        <subtitle>Cost: 0ft</subtitle>
        <description>Movement cost: 0ft (free)</description>
        <reference>PHB, pgs. 190-191,292.</reference>
        <bullets>
            <bullet><![CDATA[You can drop prone without using any of your speed]]></bullet>
            <bullet><![CDATA[To move while prone, you must crawl or use magic such as teleportation]]></bullet>
            <bullet><![CDATA[Dropping prone adds the <i>Prone</i> condition (melee attacks against you have advantage, ranged attacks against you have disadvantage, your own attacks have disadvantage)]]></bullet>
        </bullets>
    </data>
    <data title="Crawl">
        <icon>crawl</icon>
        <subtitle>Cost: 10ft per 5ft</subtitle>
        <description>Movement cost: 10ft per 5ft crawled</description>
        <reference>PHB, pg. 182.</reference>
        <bullets>
        </bullets>
    </data>
    <data title="Stand up">
        <icon>strong</icon>
        <subtitle>Cost: half movement speed</subtitle>
        <description>Movement cost: half of your speed</description>
        <reference>PHB, pg. 190-191.</reference>
        <bullets>
            <bullet><![CDATA[You can't stand up if you don't have enough movement left or if your speed is 0]]></bullet>
        </bullets>
    </data>
    <data title="High jump">
        <icon>wingfoot</icon>
        <subtitle>Cost: 5ft per 5ft</subtitle>
        <description>Movement cost: 5ft per 5ft jumped</description>
        <reference>PHB, pg. 182.</reference>
        <bullets>
            <bullet><![CDATA[You leap into the air a number of feet equal to <b>3 + your Strength modifier</b> if you move at least 10 feet on foot immediately before the jump.]]></bullet>
            <bullet><![CDATA[When you make a standing high jump, you can jump only half that distance.]]></bullet>
            <bullet><![CDATA[You can extend your arms half your height above yourself during the jump.]]></bullet>
            <bullet><![CDATA[In some circumstances, your DM might allow you to make a Strength (Athletics) check to jump higher than you normally can.]]></bullet>
        </bullets>
    </data>
    <data title="Long jump">
        <icon>wingfoot</icon>
        <subtitle>Cost: 5ft per 5ft</subtitle>
        <description>Movement cost: 5ft per 5ft jumped</description>
        <reference>PHB, pg. 182.</reference>
        <bullets>
            <bullet><![CDATA[You cover a number of feet up to your <b>Strength score</b> if you move at least 10 feet on foot immediately before the jump.]]></bullet>
            <bullet><![CDATA[When you make a standing long jump, you can leap only half that distance]]></bullet>
            <bullet><![CDATA[May involve a DC 10 Strength (Athletics) check to clear a low obstacle (no taller than a quarter of the jump's distance). You hit the obstacle on a failed check.]]></bullet>
            <bullet><![CDATA[May involve a DC 10 Dexterity (Acrobatics) check to land on your feet in difficult terrain. You land prone on a failed check.]]></bullet>
        </bullets>
    </data>
    <data title="Improvise">
        <icon>juggler</icon>
        <subtitle>Any stunt not on this list</subtitle>
        <description>Perform any movement or stunt you can imagine</description>
        <bullets>
            <bullet><![CDATA[When you describe a kind of movement not detailed elsewhere in the rules, the DM tells you whether it is possible and what kind of roll you need to make, if any, to determine success or failure.]]></bullet>
        </bullets>
    </data>
    <data title="Difficult terrain">
        <icon>stone-pile</icon>
        <subtitle>Cost modifier: +5ft per 5ft</subtitle>
        <description>Moving in difficult terrain costs an additional 5ft per 5ft of movement</description>
        <reference>PHB, pg. 182.</reference>
        <bullets>
        </bullets>
    </data>
    <data title="Grapple move">
        <icon>grab</icon>
        <subtitle>Modifier: speed halved</subtitle>
        <description>Drag or carry the grappled creature with you</description>
        <reference>PHB, pg. 195.</reference>
        <bullets>
            <bullet><![CDATA[If you move while grappling another creature, your speed is halved, unless the creature is two or more sizes smaller than you.]]></bullet>
            <bullet><![CDATA[See the attack action for how to grapple a creature.]]></bullet>
        </bullets>
    </data>
  </subsection>
</section>
<section>
  <name>Reaction</name>
  <limitation>Max. 1/Round</limitation>
  <subsection>
    <description>A reaction is an instant response to a trigger of some kind, which can occur on your turn or on someone else's.</description>
    <data title="Opportunity attack">
        <icon>crossed-swords</icon>
        <subtitle>Enemy leaves your reach</subtitle>
        <description>You can rarely move heedlessly past your foes without putting yourself in danger</description>
        <reference>PHB, pg. 195.</reference>
        <bullets>
            <bullet><![CDATA[Trigger: enemy creature leaves your reach.]]></bullet>
            <bullet><![CDATA[Make one melee attack against the provoking creature.]]></bullet>
            <bullet><![CDATA[The attack interrupts the provoking creature's movement, occurring right before the creature leaves your reach.]]></bullet>
            <bullet><![CDATA[Creatures don't provoke an opportunity attack when they teleport or when someone or something moves them without using their movement, action, or reaction.]]></bullet>
        </bullets>
    </data>
    <data title="Readied action">
        <icon>stopwatch</icon>
        <subtitle>Part of your Ready action</subtitle>
        <description>Execute the reaction specified by your Ready action</description>
        <reference>PHB, pg. 193.</reference>
        <bullets>
            <bullet><![CDATA[Trigger: specified by your <i>Ready</i> action.]]></bullet>
        </bullets>
    </data>
    <data title="Cast a spell">
        <icon>magic-swirl</icon>
        <subtitle>Cast time of 1 reaction</subtitle>
        <description>Cast a spell with a casting time of 1 reaction</description>
        <reference>PHB, pg. 192.</reference>
        <bullets>
            <bullet><![CDATA[Trigger: specified by the spell.",
            <bullet><![CDATA[For further details, see the <i>Cast a spell</i> action.]]></bullet>
        </bullets>
    </data>
  </subsection>
</section>


</root>